,Name,Surname,Position,E-Mail,NTT LVL,Experience Year,Qualifications,Qualification Score(0-10),"Thema, that can give support",NTT Team,BSH Team,Shape,BSH start date of work,CV(with 3-4 sentences),Person
0,Semih,Yılmaz,Data Scientist,semih.yilmaz-ext@bshg.com,L2,3,"Python,Data Science,Machine Learning,BW","9,8.5,9,5.5","Backend, api,End to end project,Linear regression, Desicion trees,Supply Chain, Finans, MM",Data Science,Analytic,"B2B PreSales, FINA",2020-06-15 00:00:00,"I am a computer engineering graduate, I worked as an database assistant and mentor at the university before. I worked abroad as a Python developer for a short time and I have been working on the BSH project for +3 years. My interests are DataScience ,IoT, Crypto , Chess and travling. I would like to learn ABAP soon.
",Semih Yılmaz
1,Elif,Doğan,Data Scientist,elif.dogan-ext@bshg.com,L2,1,"Python,Data Science,Machine Learning","7,8,7.5","Frontend,Backend,End to end project,ARIMA, Logistic Regression,
XGBoost,Random Forest",Data Science,"Factory BI & QM, Global Logistic Outbound","Digital Factory, Global Logistic Outbound",2021-06-24 00:00:00,"I have an industrial engineering graduate. I took part in
 creating new project ideas in many ideathons and school clubs. I did my internship on BW. I am currently working as a data scientist. My interests are Artificial Intelligence, Data Science, books, movies and team sports. I want to improve myself in Smart Factory fields.",Elif Doğan
2,Alperen,Köksal,Data Scientist,alperen.koksal-ext@bshg.com,L2,2,"Python,Data Science,Artifical Intelligence,R,SQL","7,7,6,5,5","Frontend,Backend,Scikit-Learn,Data Driven Solutions,Prompt Engineering,Time Series Forecasting,Extracting Data",Data Science,Global Logistics Outbound,Global Logistics Outbound,2021-09-01 00:00:00,"I am a industrial engineer with two years of 
data science experience in the industry, mainly focusing on the data science and artifical intelligence. interested in soccer and scuba diving and would like to improve myself in the areas of devops and LLMs",Alperen Köksal
3,Furkan Oktay,Sevimli,Data Scientist,furkan.sevimli-ext@bshg.com,L2,3,"Python,Data Science,Artifical Intelligence,R,SQL,AWS,GCP,Azure,KNIME","8,7,8,5,6,8,8,8,9.5","Backend, Macihne learning algorithms,Data Driven Solutions,NLP,Macihne learning algorithms,Prompt Engineering, Chatbot, Architecture,Forecasting, ETL,Extracting Data,aws operations such as ecs,ecr…,AI topics,Cognitive Search and AI topics,Data Science Topics and data analytics",Data Science,"Intelligent Automation,AXP-F","DPS, Analytics",2021-06-14 00:00:00,"I am a industrial engineer with nearly three years of 
data science experience.Currently mainly focusing on the NLP topics and artifical intelligence. 
Interested in chess, basketball and video games.
I would like to improve myself in the areas of AI topics, backend and frontend.",Furkan Oktay Sevimli
4,Dilara,Kanaralp,Senior DWH Developer,dilara.kamci-ext@bshg.com,L3,6,"ETL , SSIS,SSRS ,SSAS,SQL,Eba Flowbox,SAP Data Services,SAP BO ,Lumira Design Studio,Power BI,Xcelsius,Qliksense","10,10,5,8.5,8,7,10,8,5,5,5","ETL Processes,Reporting with SSRS,Reporting with SSRS,Query,Developing documentation for business,ETL Processes,Reporting with webi,Designing Dashboards,Reporting ,Reporting from excel source,Reporting ",Business Analytics,BSH_GDS-SEOT,REM ,2021-01-01 00:00:00,"I am a software engineer for 6 years. I started me career as Junior Business Intelligence consultant in 2017. After 4 years , I decided to work as a data warehouse developer.Interested in camping , diving(amateur) ,cooking ,mostly all sports . I have always been a person who is interested in learning new things. ",Dilara Kanaralp
5,Metin,Türkmen,Junior Business Intelligence Consultant,metin.turkmen-ext@bshg.com,L1,1,"PostgreSQL,MongoDB,Python,KNIME,SAP Analytics Cloud,Power BI,Tableau,SAP BO ,Spark,TensorFlow","6,6,3,5,6,4,5,5,2,2","Ability to perform basic/complex queries on relational databases,Ability to design simple non-relational databases with JSON queries,Basic usage of libraries such as pandas, matplotlib, scikit etc.,Application of machine learning algorithms, ability to perform classification and regression methods, application of text analysis using topic detection and clustering methods,Story creation, user administration, up-to-date knowledge of recently added features,Server administration, user group and access management, data connection from multiple sources such as SAP BW, SAP HANA etc.,Server administration, user group management, story and dashboard creation,CMC administration, BI Platform management,Basic knowledge of Spark's machine learning library,Basic knowledge of image recognition, data augmentation",Business Analytics,AXP-F ,DnA,2022-10-25 00:00:00,"Data and statistics enthusiast who graduated from University of Portsmouth with a Master's degree on Data Analytics. My main area of interest is data visualisation and I try to develop in areas that would make me understand data better. I love everything related with the combination of sci-fi and philosophy. I follow professional sports, play roguelike games from time to time and read lots of books.",Metin Türkmen
6,Onur,Soyer,BI Consultant,onur.soyer-ext@bshg.com,L2,2,"SAP Analytics Cloud,SAP Datashpere,SQL,Python,Javascript,Power BI,Power Apps","8,5,7,6,5,7,6","Administration, Business Intelligence, Predictive Analytics,Data Warehouse, ETL,Extracting, Manipulating Data,Data Manipulation,Web applications,Data Visualization,Business Apps",Business Intelligence,AXP-F,Analytics,2022-08-08 00:00:00,"Business Intelligence Consultant with 2+ years' experience in data analysis and visualization.Expertise in transforming data into actionable insights, driving efficiency, and aiding strategic decision-making. Proven track record in designing customized BI solutions for diverse clients. Effective communicator and team player.",Onur Soyer
7,Caner,Ünsal,BI Consultant,caner.unsal-ext@bshg.com,L2,2,"Power BI,SAC,BO,WEBI,Tableau ,SQL,Analysis for Office","7,5,7,4,3,3,5","Visualisation, Power Query,Visualisation,CMC topics, Upgrade tests,Visualisation, Connections,Tableau 101, Data Cleaning,SQL 101,Data Analysis, Calculations",Data Visualisation,AXP-F,DnA,2020-04-05 00:00:00,"I graduated from Marmara University, Business Informatics. I also took courses on data visualization at the university. I was in Karlsruhe for a short time as an Erasmus student abroad. I have been working on BSH project for more than 2 years. I want to improve myself on data visualization and the coding languages used in this direction.",Caner Ünsal
8,Büşra,Sönmez,Business Intelligence Consultant,busra.sonmez-ext@bshg.com,L2,1,"T-SQL,Java Script-API,SAP Analytics Cloud,Power BI,Tableau,SAP BO ,Lumira,BW4HANA,DWC","6,4,7,7,5,5,4,5,3","Ability to perform basic/complex queries on relational databases,Creation Dashboard ,Story creation,Application Creation, user administration, up-to-date knowledge of recently added features,Create Dashboard, Mid Level DAX Server administration, user group and access management, data connection from multiple sources such as SAP BW, SAP HANA etc.,Server administration, user group management, story and dashboard creation,CMC administration, BI Platform management,Basic knowledge check the report,Basic knowledge check the report,Basic knowledge",Business Analytics,AXP-F ,DnA,2023-03-01 00:00:00,I have an economic graduate. I have experience on backend BW & BW4HANA and on frontend side SAC vs Power BI Data visualization tools . I am currently working as frontend support consultant.,Büşra Sönmez
9,Tuna,Bozkır,Business Intelligence Consultant,tuna.bozkir-ext@bshg.com,L2,2,"SAP Analytics Cloud,SAP BusinessObjects,Power BI,BEx queries,SQL,SAP Analysis for Office","9,5,7,6,6,9","Story, Analytic Application,Web Intelligence,Building interactive dashboards,Eclipse based query modeling,Main SQL functionalities,Excel-based analysis of queries",Data Visualization,Business Analytics,Supply Chain Analytics,2023-01-02 00:00:00,"I am a computer engineer with over 2 years of experience in innovative business analytics and high-quality data driven digital transformation solutions on several Business Intelligence platforms; experienced in reporting, data modeling, data visualization, and data exploration on a diverse range of skills applicable across different industries in a consulting space.",Tuna Bozkır
10,Kübra,Akyüz,SENIOR BI CONSULTANT,Kubra.Gokyildiz-ext@bshg.com,L3,16,"Qlik Sense,SQL,SSRS,Tableu,Power BI,Visual Studio,Data Services","9.5,7,7,5,2,4,4","Frontend and Backend,Extracting Data,create db and table,Writing sp,view,trigger,Reporting,Frontend and Backend,Frontend,ETL,ETL",Data Science,Analytic,REM,2020-03-09 00:00:00,"I am a computer programmer graduate,I have been working on the BSH project for +3 years. My interests are QlikSense ,SQL , swimming and travling. I would like to learn R  soon.
",Kübra Akyüz
11,Selim ,Kurtuluş,BI Consultant,selim.kurtulus-ext@bshg.com,L2,2,"Web Intelligence,SAP Analytics Cloud,PowerBI,Tableau,SAP BO/CMC,HTML/CSS","8,7,6,5,9,5","FE dev.,FE dev, administirative actions,FE dev, administirative actions,FE dev, administirative actions,Administirative actions,FE ",Data Visualization,SALA,REM,2021-10-04 00:00:00,"I am a computer engineer with nearly two years of data visualization experience. Currently working with SALA as a frontend developer. Interested in music, fitness and videogames. I would like to improve myself on the tools that I am currently using and learn the backend side of it.",Selim  Kurtuluş
12,Hilal,Zağlı,Jr. BI Consultant,hilal.zagli-ext@bshg.com,L1,2,"SQL,Power BI","1,2","Extracting Data,Creating dashboard",BSH Data Visualization,Analytic,DnA,2023-08-14 00:00:00,"I am a chemical engineering graduate. I worked as a Quality engineer for about 1 year and I worked as a production engineer for about 1 year. My interests are DataScience, swimming and computer games. I would like to learn SAC soon.
",Hilal Zağlı
13,Selma,Karaman,PBI Developer,selma.karaman-ext@bshg.com,L2,4,"PowerBI,SQL,R,Tableau,Data Science","7,7.5,7,5,7","Data Visulation, KPIs, Data Quality Reports, Performance Reports,Stored Procedures, Extracting Data, Create&Import Data,Data Mining, Machine Learning Algortihms, Data Visulation, Data Transforming, Hypothesis Testing, Statistical Analysis,Data Visulation,Data Mining, Machine Learning",BI Team,MDAAS,Data Shape,2023-05-02 00:00:00,I am a PowerBI developer with 4 months of experience and I have 4 years experience as an Data Analyist and research statistician. Currently I am working on data consistency reports on PowerBI/ SQL.  I would like to improve myself in R and Data Science. I am interestedn in Volleyboll and table tennis.,Selma Karaman
14,Semih Can,Kılıç,Business Analytics Consultant,semih.kilic-ext@bshg.com,L1,1,"SAP Analytics Cloud,Power BI,SQL","6,4.5,3","Frontend,Frontend,Extracting Data",Business Analytics,AXP-S,Analytics,2022-07-18 00:00:00,I am a management information systems graduate. I worked at digital marketing department in a company before. I have also worked at BSH 1.5 years as an intern. Currently working on GDS Dashboard and B@B. Highly interested in sports and gaming. I would like to improve myself more in the areas of frontend.,Semih Can Kılıç
15,Doğukan,Bozkurt,Jr. BI Consulant,dogukan.bozkurt-ext@bshg.com,L1,0,"Power BI,SQL,Excel","3,2,6","Data visualization,Basic SQL querys,Data extractions ",BSH Data Visualization,AXPF,Analytics,2023-08-15 00:00:00," I am a fresh graduate from MIS. Data visualization & BI is my main focus area. I experienced technical and functional roles in Supply Chain Management using SAP SD module.   
 ",Doğukan Bozkurt
16,Gamze,Çetin,BI Developer / Data Engineer,Gamze.Cetin-ext@bshg.com,L3,4,"SQL,Power BI,Tableau,Knime,SAP BO,Data Modeling,Redhsift","8.5,8.5,8.5,8.5,5,8.5,7","Fronted , Backend, Data Extracting, Data Analysis,Reporting,SQL,DWH,ETL, Dashboard Design,Fronted , Backend, Data Extracting, Data Analysis,Reporting,SQL,DWH,ETL, Dashboard Design,Fronted , Backend, Data Extracting, Data Analysis,Reporting,SQL,DWH,ETL, Dashboard Design,Fronted , Backend, Data Extracting, Data Analysis,Reporting,SQL,DWH,ETL, Dashboard Design,Fronted , Backend, Data Extracting, Data Analysis,Reporting,SQL,DWH,ETL, Dashboard Design,Fronted , Backend, Data Extracting, Data Analysis,Reporting,SQL,DWH,ETL, Dashboard Design,Fronted , Backend, Data Extracting, Data Analysis,Reporting,SQL,DWH,ETL, Dashboard Design",Big Data,"RDS-BI, AXP-S","REM, DnA",2021-08-15 00:00:00,"I am a industrial engineer with4 years of data and analytic experience.Currently mainly focusing on the data analytic and engineering.
Interested in movies,books and rowing.",Gamze Çetin
17,Altan,Yıldız,Sr. Business Intelligence,altan.yildiz-ext@bshg.com,L3,5,"Power BI,SAC,Tableau,SQL,SSIS,Knime,Denodo,BO,Bex(query design, hana design tool),Dax Studio,SSAS","9.5,8,4,9.5,5,8,4,6,7,6,6","Power Query, PBRS, PBI Cloud, Dax, M,Live-Import Model, Story Design, Publication,Dashboard Design,DDL-DML, Subquery, Window Func, CTE,ETL,ETL-Denodo, Hana, SQL, File Server connection,Data Source, Base View, View,WEBI,Bex query editing, design-create bex, measure ,systems functions, performance,Create tabular model, table, dimensions, measures",BI Team Lead,RDS-BI,IN-REM,2021-10-01 00:00:00,"I am a MIS graduate and I've been working in the BI for about 5 years. 
I've been with BSH for about 2 years now. I often use SQL, Knime, and Power BI for my projects in BSH. 
I like following all sports. Also i'm interested e-sports, chess and camping as hobby. 
I'm currently learning and improving my skills in the next-gen DWH platforms",Altan Yıldız
18,Ayberk Ece,Örten,BI Consultant,ece.orten-ext@bshg.com,L2,3,"Power BI,SAC,Jira,SQL","9,6,6,4","Business Intelligence,Business Intelligence,Project management - issue tracking,Basic data manipulations",BI Head,BSH Workplace 2025 Global Roll-out & Service (GRS),GDS,44608,"Creative and determined Software Engineer experienced in Software Development, marketing and consulting. Eager to learn new technologies, skilled at communicating and highly interested in project management.",Ayberk Ece Örten
19,Muhammet Ensar ,Uslu,Business Intelligence Develeoper,Muhammet-Ensar.uslu@bs.nttdata.com,L2,2,"SQL,Python,Power BI,Sql,R","4,8,8,7,5","Basic data manipulations,Optimization (Cplex, Gurobi...), Machine Lerning (Tensorflow, Skit-Learn...), Scrapping (Selenium, Api's), Front-End (Tkinter, Streamlit...),End-to-end project devloyement,Postgre, Oracle,Mathematical optimization and statistical usage.",Data Visualization,Integration Venus,XAAS,2022-06-01 00:00:00,I am an industrial engineering graduate with 2 years of experience in data science and business intelligence.,Muhammet Ensar  Uslu
20,Erhan,Kartalkaya,BI Consultant,erhan.kartalkaya-ext@bshg.com,L2,4,"SAC,PowerBI,Tableau,Webi,Lumira,BW","8,8.5,9,7,5,3","Stories, Analytic Apps, System Structure,PBI Desktop, Server, Cloud,Desktop, Public, Tableau Prep, Server,Report Creation, CMC,Lumira / SAC conversion,Manipulation on Queries",Data Visualization,AXP-F,Data And Analytics,2020-02-02 00:00:00,"Graduated from Management Information Systems, always in a pursuit to learn more about interested fields.I've nearly 4 years of experience in Business Intelligence and Data Visualization.My hobbies are Cars, Rock/Metal Music and fine dining.",Erhan Kartalkaya
21,Ayşe,Kara Şahin,Snr BI Consultant,ayse.kara-ext@bshg.com,L4,8,"SAC,PowerBI,Tableau,BO,SQL,BW,Analysis for Office","9,6,3,9,8,7,7","Stories, Analytic Apps, Digital Boardroom,PBI Desktop, Server, Cloud,Desktop, Public, Tableau Prep, Server,Webi, CMC, Design Studio, Lumira,Queries,Bex Queries, Hana Views,Data Analysis, Calculations",Data Visualization,Factory BI & QM,Digital Factory,2020-09-01 00:00:00,I am an industrial engineering graduate with 8 years of experience in business intelligence.,Ayşe Kara Şahin
22,Yunus Emre,Emik,Data Science Expert,Yunus.Emik-ext@bshg.com,"3,,4",7,"Python,Python,Python,Python,Data Science,Artifical Intelligence,Hadoop ,Cloud,Docker,ElasticSearch,SQL","8,8,8,8,9,8,7,7,7,6,6","General,General,General,General,Text Mining, Sequential Analysis, Clustering,Genetic Algorithms,Cognitional Matching, Chatbot, Architecture,Kafka, Spark, Hive etc.,Azure>AWS>GDP (High to low),Containers, Bridges, Networking,Data Handling with elastic indexes,Data Handling with elastic indexes",Data Science,Factory BI & QM,Digital Factory,2023-02-13 00:00:00,"A good team-member, Agile – extreme programmer, Article reader – writer 7 years development experience on ML projects.",Yunus Emre Emik
23,Yunus Emre,Emik,Data Science Expert,Yunus.Emik-ext@bshg.com,"3,,4",7,"Python,Python,Python,Python,Data Science,Artifical Intelligence,Hadoop ,Cloud,Docker,ElasticSearch,SQL","8,8,8,8,9,8,7,7,7,6,6","General,General,General,General,Text Mining, Sequential Analysis, Clustering,Genetic Algorithms,Cognitional Matching, Chatbot, Architecture,Kafka, Spark, Hive etc.,Azure>AWS>GDP (High to low),Containers, Bridges, Networking,Data Handling with elastic indexes,Data Handling with elastic indexes",Data Science,Factory BI & QM,Digital Factory,2023-02-13 00:00:00,"Working with data analytics and cognition libraries like Pandas, Numpy,",Yunus Emre Emik
24,Yunus Emre,Emik,Data Science Expert,Yunus.Emik-ext@bshg.com,"3,,4",7,"Python,Python,Python,Python,Data Science,Artifical Intelligence,Hadoop ,Cloud,Docker,ElasticSearch,SQL","8,8,8,8,9,8,7,7,7,6,6","General,General,General,General,Text Mining, Sequential Analysis, Clustering,Genetic Algorithms,Cognitional Matching, Chatbot, Architecture,Kafka, Spark, Hive etc.,Azure>AWS>GDP (High to low),Containers, Bridges, Networking,Data Handling with elastic indexes,Data Handling with elastic indexes",Data Science,Factory BI & QM,Digital Factory,2023-02-13 00:00:00,"Matplotlib, Opencv, Scipy, Scikit-Learn, NLTK. Developing APIs with",Yunus Emre Emik
25,Yunus Emre,Emik,Data Science Expert,Yunus.Emik-ext@bshg.com,"3,,4",7,"Python,Python,Python,Python,Data Science,Artifical Intelligence,Hadoop ,Cloud,Docker,ElasticSearch,SQL","8,8,8,8,9,8,7,7,7,6,6","General,General,General,General,Text Mining, Sequential Analysis, Clustering,Genetic Algorithms,Cognitional Matching, Chatbot, Architecture,Kafka, Spark, Hive etc.,Azure>AWS>GDP (High to low),Containers, Bridges, Networking,Data Handling with elastic indexes,Data Handling with elastic indexes",Data Science,Factory BI & QM,Digital Factory,2023-02-13 00:00:00,"frameworks like Fastapi, Pytorch, Elasticsearch, Transformers",Yunus Emre Emik
26,Kemal Doruk,Yıldız,Data Science Team Lead,kemal.yildiz-ext@bshg.com,L3,6,"Data Science,Python,Backend,SQL,AI,Spark","8.5,8,7,7,8,6","Machine learning, Deep learning, Image Processing , NLP,General,Django,Extracting data optimizing queries,Genetic Algrotihms, Reinforcement Learning, Statistics,Big data",Data Science,Factory BI & QM,Digital Factory,2023-02-13 00:00:00,"frameworks like Fastapi, Pytorch, Elasticsearch, Transformers",Kemal Doruk Yıldız
27,Afrah,Ahmed,Intelligent Automation Team Lead,Afrah.Ahmed-ext@bshg.com,L3,7,"RPA (UiPath and Selenium),Document Understanding (UiPath),Kibana,Power BI,Javascript,Java,HTML,Android,ReactJS,SharePoint,C++ ,C#","9,7.5,7,6,8,7,8,9,8,8,7,7","End to end project,Process details and platform details.,Creating dashboards, adding indexes,Creating dashboards and reports,All development,Backend development and selenium ,All front end development,End to end project,End to end project,Creating portals using sharepoints lists and creating workflows.,Development Support,Development Support",Intelligent Automation and Data Science,Intelligent Automation,User Shape,2022-03-01 00:00:00,I have over 7 years of professional experience. I was previously working as a front end developer (web portals and mobile applications) then started working on RPA development. My recent experience focuses on analysis and growth of RPA and Document Understanding projects.,Afrah Ahmed
28,Meryem,Keklik,RPA Developer,meryem.keklik-ext@bshg.com,L1,1,"RPA (UiPath and BluePrism),Document Understanding (UiPath)","8,7","End to end project,General Working Logic",Intelligent Automation and Data Science,Intelligent Automation,User Shape,15/08/202,I have over 7 years of professional experience. I was previously working as a front end developer (web portals and mobile applications) then started working on RPA development. My recent experience focuses on analysis and growth of RPA and Document Understanding projects.,Meryem Keklik
29,Bekir,Şencan,Python Backend Developer,bekir.sencan-ext@bshg.com,L2,2023-05-01 00:00:00,"Python,Python,Python,AWS,GCP,Docker,SQL - NoSQL,AI","8,8,8,7,6,7,7,5","Backend development,Backend development,Backend development,Backend development,Backend development,Backend development,Backend development,Backend development",Chatbot Team,Intelligent Automation,User Shape,2022-03-21 00:00:00,I am a computer engineer with 1.5 years of experience.,Bekir Şencan
30,Bekir,Şencan,Python Backend Developer,bekir.sencan-ext@bshg.com,L2,2023-05-01 00:00:00,"Python,Python,Python,AWS,GCP,Docker,SQL - NoSQL,AI","8,8,8,7,6,7,7,5","Backend development,Backend development,Backend development,Backend development,Backend development,Backend development,Backend development,Backend development",Chatbot Team,Intelligent Automation,User Shape,2022-03-21 00:00:00,Started to learn Data Science. Beside that improving myself in Cloud systems.,Bekir Şencan
31,Bekir,Şencan,Python Backend Developer,bekir.sencan-ext@bshg.com,L2,2023-05-01 00:00:00,"Python,Python,Python,AWS,GCP,Docker,SQL - NoSQL,AI","8,8,8,7,6,7,7,5","Backend development,Backend development,Backend development,Backend development,Backend development,Backend development,Backend development,Backend development",Chatbot Team,Intelligent Automation,User Shape,2022-03-21 00:00:00,Love to read book and watch all sports.,Bekir Şencan
32,Ece Hazal,Erol,RPA Business Analyst,Ece.Erol-ext@bshg.com,L3,7,"RPA ,Power BI,Chatbot & Digital Assistant","7,6,7","End to end project,Visualisation,Support",Intelligent Automation and Data Science,Intelligent Automation,User Shape,2023-08-14 00:00:00,I have an Industrial Engineering graduate. I have over 7 years of working experinece. I have 4 years of RPA experience with an insource product.,Ece Hazal Erol
33,Gizem,Semerci,Senior Business Analyst | Chatbot Team Lead,Gizem.Semerci-ext@bshg.com,L3,7,"Google Dialogflow,SQL - mySql,AI,HTML,RPA (BluePrism),Python,Analysis,Testing","7,6,6,5,9,4,9,8","Chatbot management,Chatbot management,Chatbot management,Chatbot management,End to end project,End to end project,Analysis Support,Test Support",Chatbot Team,Intelligent Automation,User Shape,2023-04-04 00:00:00,I have over 7 years of professional experience. I was previously working as a Sofware test engineer and RPA Analyst & Developer.  I have been working as a business analyst for over 4 years.  My experience is proceeding analysis of chatbot projects and support team in any cases. Providing documentations and making SIT tests for features we develop.,Gizem Semerci
34,Umut Berk,Turhan,RPA Developer Project Student,Umut.Turhan-ext@bshg.com,L0,0-1,"RPA (BluePrism , UiPath),Software Architecture (Model-driven,Event-driven),Software Development (Java,C,C++,Python),SQL (MySQL),Data Science , ML ,Cybersec (Pentest)","6,6,6,6,5,6","Internship (4+ months),Research Projects ( with Design Patterns ),End-to-end projects,Term Projects with HTML & CSS,Hobby,Hobby",Intelligent Automation,Intelligent Automation,User Shape,2023-07-17 00:00:00,"I am a Computer Engineering student who will be graduating in January 2024. I am open to learning cutting-edge technologies. I have a total of 4 months of experience as an RPA Intern, and I am currently working as a Volunteer Researcher at University.",Umut Berk Turhan
35,Sadan,Samli,Senior System Engineer,sadan.samli-ext@bshg.com,L0,0-1,"Windows Servers,CCNA Network,Windows Desktops and Notebooks,Application Support,Migration,Project Management,Troubleshooting,Customer Support ,KCS Mentor ,ISO 27001 , 9001 and ITIL ","7,6,9,8,7,6,9,9,9,8","Complete User Support,Application and System Integrations,End to End Projects,Device and software Support,System Management,System Troubleshoot,System Troubleshoot,System Troubleshoot,System Troubleshoot,System Troubleshoot",Intelligent Automation,RPA Busters,User Shape,2023-02-02 00:00:00,"System Engineer with 15+ years of experience on System Design, Installation and support, Network Troubleshoot and desing path, Physical Infrastructure installation, Application Test and Support, User Support with KCS Mentorship, Supporting colleagues how to support end user, Implementing ticketing systems, new applications and Migration of different systems with related teams.",Sadan Samli
36,Beyza Elif,Onat,DATA PLATFORMS CONSULTANT,elif.onat-ext@bshg.com,L1,1,"Power Automate,Power Apps,Power Bi,SharePoint,sql","7,7,4,5,4","flow creation,canvas app creation,report creation,usage as datasource,usage as datasource",Data Platforms,Intelligent Automation,DPS REM,2022-04-07 00:00:00,electrical and electronics engineer who works on MS power platform.,Beyza Elif Onat
37,Ayşegül,Özmen,Power Platform Consultant,Aysegul.Ozmen-ext@bshg.com,L2,3,"Power Apps,Power Automate,PowerBI,Power Virtual Agents,Nintex,SQL Reporting (SSRS)","6,00,6,00,4,00,7,00,8,00,7,00","Canvas App creation,busines workflow creation,data visualization,creating bots in MS Teams,Form & Flow creation,reporting",Data Platforms,Intelligent Automation,DPS REM,2023-05-02 00:00:00,"I graduated form Sabancı University with Industrial Engineer degree, I am currently working as a product owner for MS Power Platform and RPA processes.",Ayşegül Özmen
38,İrem Berfin,Ünal,Jr.RPA Developer,Irem.UnalIb-ext@bshg.com,L1,2,"RPA,Power BI,SQL","6,7,4","Uipath,Data Visualization,Main SQL functionalities",Data Platforms,Intelligent Automation,DPS REM,2021-08-03 00:00:00,"I'm both computer engineering and industrial engineering degree. I worked as an project student for 2 years. Then, I am currently working on RPA processes. ",İrem Berfin Ünal
