,Name,Surname,Position,E-Mail,NTT LVL,Experience Year,Qualifications,Qualification Score(0-10),"Thema, that can give support",NTT Team,BSH Team,Shape,BSH start date of work,Introduction(with 3-4 sentences),Person
0,Semih,Yılmaz,Data Scientist,semih.yilmaz-ext@bshg.com,L2,3.0,"Python,Data Science,Machine Learning,BW","9.0,8.5,9.0,5.5","Backend, api,End to end project,Linear regression, Desicion trees,Supply Chain, Finans, MM",Data Science,Analytic,"B2B PreSales, FINA",3.2,"I am a computer engineering graduate, I worked as an database assistant and mentor at the university before. I worked abroad as a Python developer for a short time and I have been working on the BSH project for +3 years. My interests are DataScience ,IoT, Crypto , Chess and travling. I would like to learn ABAP soon.
",Semih Yılmaz
4,Elif,Doğan,Data Scientist,elif.dogan-ext@bshg.com,L2,1.0,"Python,Data Science,Machine Learning","7.0,8.0,7.5","Frontend,Backend,End to end project,ARIMA, Logistic Regression,
XGBoost,Random Forest",Data Science,"Factory BI & QM, Global Logistic Outbound","Digital Factory, Global Logistic Outbound",2.2,"I have an industrial engineering graduate. I took part in
 creating new project ideas in many ideathons and school clubs. I did my internship on BW. I am currently working as a data scientist. My interests are Artificial Intelligence, Data Science, books, movies and team sports. I want to improve myself in Smart Factory fields.",Elif Doğan
7,Alperen,Köksal,Data Scientist,alperen.koksal-ext@bshg.com,L2,2.0,"Python,Data Science,Artifical Intelligence,R,SQL","7.0,7.0,6.0,5.0,5.0","Frontend,Backend,Scikit-Learn,Data Driven Solutions,Prompt Engineering,Time Series Forecasting,Extracting Data",Data Science,Global Logistics Outbound,Global Logistics Outbound,2.0,"I am a industrial engineer with two years of 
data science experience in the industry, mainly focusing on the data science and artifical intelligence. interested in soccer and scuba diving and would like to improve myself in the areas of devops and LLMs",Alperen Köksal
12,Furkan Oktay,Sevimli,Data Scientist,furkan.sevimli-ext@bshg.com,L2,3.0,"Python,Data Science,Artifical Intelligence,R,SQL,AWS,GCP,Azure,KNIME","8.0,7.0,8.0,5.0,6.0,8.0,8.0,8.0,9.5","Backend, Macihne learning algorithms,Data Driven Solutions,NLP,Macihne learning algorithms,Prompt Engineering, Chatbot, Architecture,Forecasting, ETL,Extracting Data,aws operations such as ecs,ecr…,AI topics,Cognitive Search and AI topics,Data Science Topics and data analytics",Data Science,"Intelligent Automation,AXP-F","DPS, Analytics",2.2,"I am a industrial engineer with nearly three years of 
data science experience.Currently mainly focusing on the NLP topics and artifical intelligence. 
Interested in chess, basketball and video games.
I would like to improve myself in the areas of AI topics, backend and frontend.",Furkan Oktay Sevimli
21,Yunus Emre,Emik,Data Science Expert,Yunus.Emik-ext@bshg.com,L3.5,7.0,"Python,Data Science,Artifical Intelligence,Hadoop ,Cloud,Docker,ElasticSearch,SQL","8.0,9.0,8.0,7.0,7.0,7.0,6.0,6.0","General,Text Mining, Sequential Analysis, Clustering,Genetic Algorithms,Cognitional Matching, Chatbot, Architecture,Kafka, Spark, Hive etc.,Azure>AWS>GDP (High to low),Containers, Bridges, Networking,Data Handling with elastic indexes,Data Handling with elastic indexes",Data Science,"Intelligent Automation,AXP-F","DPS, Analytics",0.5,"A good team-member, Agile – extreme programmer, Article reader – writer 7 years development experience on ML projects. 
Working with data analytics and cognition libraries like Pandas, Numpy, 
Matplotlib, Opencv, Scipy, Scikit-Learn, NLTK. Developing APIs with 
frameworks like Fastapi, Pytorch, Elasticsearch, Transformers",Yunus Emre Emik
29,MUHAMMET,YILDIRIM,Senior Web Application Developer,muhammet.Yildirim-ext@bshg.com,L3,13.0,".NET, .NET CORE, MS SQL, VUEJS, ASP.NET CORE, Microservices",6.0,Anything that related to .NET and C# world,Data Science,"Intelligent Automation,AXP-F","DPS, Analytics",0.5,"A good team-member, Agile – extreme programmer, Article reader – writer 7 years development experience on ML projects. 
Working with data analytics and cognition libraries like Pandas, Numpy, 
Matplotlib, Opencv, Scipy, Scikit-Learn, NLTK. Developing APIs with 
frameworks like Fastapi, Pytorch, Elasticsearch, Transformers",MUHAMMET YILDIRIM
30,Kemal Doruk,Yıldız,Data Science Team Lead,kemal.yildiz-ext@bshg.com,L3,6.0,"Data Science,Python,Backend,SQL,AI,Spark","8.5,8.0,7.0,7.0,8.0,6.0","Machine learning, Deep learning, Image Processing , NLP,General,Django,Extracting data optimizing queries,Genetic Algrotihms, Reinforcement Learning, Statistics,Big data",Data Science,"Intelligent Automation,AXP-F","DPS, Analytics",0.5,"A good team-member, Agile – extreme programmer, Article reader – writer 7 years development experience on ML projects. 
Working with data analytics and cognition libraries like Pandas, Numpy, 
Matplotlib, Opencv, Scipy, Scikit-Learn, NLTK. Developing APIs with 
frameworks like Fastapi, Pytorch, Elasticsearch, Transformers",Kemal Doruk Yıldız
36,Afrah,Ahmed,Intelligent Automation Team Lead,Afrah.Ahmed-ext@bshg.com,L3,7.0,"RPA (UiPath and Selenium),Document Understanding (UiPath),Kibana,Power BI,Javascript,Java,HTML,Android,ReactJS,SharePoint,C++ ,C#","9.0,7.5,7.0,6.0,8.0,7.0,8.0,9.0,8.0,8.0,7.0,7.0","End to end project,Process details and platform details.,Creating dashboards, adding indexes,Creating dashboards and reports,All development,Backend development and selenium ,All front end development,End to end project,End to end project,Creating portals using sharepoints lists and creating workflows.,Development Support,Development Support",Intelligent Automation and Data Science,Intelligent Automation,User Shape,1.5,I have over 7 years of professional experience. I was previously working as a front end developer (web portals and mobile applications) then started working on RPA development. My recent experience focuses on analysis and growth of RPA and Document Understanding projects.,Afrah Ahmed
48,Meryem,Keklik,RPA Developer,meryem.keklik-ext@bshg.com,L1,1.0,"RPA (UiPath and BluePrism),Document Understanding (UiPath)","8.0,7.0","End to end project,General Working Logic",Intelligent Automation and Data Science,Intelligent Automation,User Shape,1.0,I have over 7 years of professional experience. I was previously working as a front end developer (web portals and mobile applications) then started working on RPA development. My recent experience focuses on analysis and growth of RPA and Document Understanding projects.,Meryem Keklik
50,Bekir,Şencan,Python Backend Developer,bekir.sencan-ext@bshg.com,L2,1.5,"Python,AWS,GCP,Docker,SQL - NoSQL,AI","8.0,7.0,6.0,7.0,7.0,5.0","Backend development,Backend development,Backend development,Backend development,Backend development,Backend development",Chatbot Team,Intelligent Automation,User Shape,1.4,"I am a computer engineer with 1.5 years of experience. 
Started to learn Data Science. Beside that improving myself in Cloud systems. 
Love to read book and watch all sports.",Bekir Şencan
56,Ece Hazal,Erol,RPA Business Analyst,Ece.Erol-ext@bshg.com,L3,7.0,"RPA ,Power BI,Chatbot & Digital Assistant","7.0,6.0,7.0","End to end project,Visualisation,Support",Intelligent Automation and Data Science,Intelligent Automation,User Shape,0.0,I have an Industrial Engineering graduate. I have over 7 years of working experinece. I have 4 years of RPA experience with an insource product.,Ece Hazal Erol

